TaskID,StartTime,TaskFileSize,TaskOutputFileSize,TaskFileLength,DistanceFromDataCenter,DataCenterCpuCost,DataCenterRamCost,DataCenterStorageCost,DataCenterBwCost,DataCenterTotalLoad,NetworkDelay,CET,ObjectiveFunction,DataCenterID
2,0.1,77,12,12,6086,16,3,10,10,16311,0.16,1293,12091.13,0
12,0.1,62,18,17,10168,12,10,2,1,16327,1.16,718,11837.11,2
8,0.21,78,11,11,2278,16,3,10,10,16311,0.13,1100,12091.12,0
1,0.1,66,12,29,8068,16,3,10,10,16311,1.81,1110,12023.62,0
9,0.12,20,17,12,16376,16,3,10,10,16311,0.12,770,11881.12,0
3,0.1,71,18,11,8169,16,3,10,10,16311,1.72,1273,12081.62,0
11,0.1,39,11,38,3171,28,1,2,10,16263,2.32,691,11801.26,1
13,0.277011293,37,11,39,6186,12,10,2,1,16327,3.16,631,11811.71,2
11,0.21,20,11,29,12210,16,3,10,10,16311,0.12,210,11717.2,0
2,0.1,21,13,71,16117,28,1,2,10,16263,1.61,311,11719.18,1
7,0.1,21,11,36,16011,28,1,2,10,16263,0.39,297,11622.28,1
1,0.1,21,11,70,9163,12,10,2,1,16327,0.71,293,11767.11,2
21,0.616270388,31,12,20,1196,28,1,2,10,16263,0.23,609,11769.22,1
6,0.1,71,11,89,7601,12,10,2,1,16327,6.83,807,11891.76,2
18,0.669110121,11,11,13,12717,12,10,2,1,16327,0.13,169,11616.61,2
19,0.391821808,28,13,36,2188,16,3,10,10,16311,0.66,870,11921.1,0
22,0.339110121,28,11,88,10269,12,10,2,1,16327,8,110,11701.1,2
16,0.21,82,18,83,8626,16,3,10,10,16311,1.13,1210,12118.02,0
10,0.21,21,16,32,6211,16,3,10,10,16311,1,773,11882,0
20,0.792110121,12,10,20,9980,12,10,2,1,16327,1.08,192,11727.22,2
17,0.326270388,89,12,82,9777,28,1,2,10,16263,1.37,1013,11920.37,1
22,0.763302826,17,16,71,10262,28,1,2,10,16263,1.61,271,11712.18,1
12,0.616270388,61,17,38,12326,28,1,2,10,16263,0.61,719,11821.28,1
28,1.020223989,20,11,18,9111,16,3,10,10,16311,1.21,710,11863.32,0
27,0.910223989,28,16,61,6211,16,3,10,10,16311,0.72,380,11803.12,0
17,1.012110121,10,17,72,9068,12,10,2,1,16327,6.71,162,11716.32,2
11,1.261161822,82,13,11,2299,16,3,10,10,16311,0.28,1180,12123.22,0
10,1.122110121,12,16,19,13620,12,10,2,1,16327,1,182,11721.2,2
26,0.902110121,20,12,100,9898,12,10,2,1,16327,1.01,262,11732.8,2
23,1.168129282,27,18,10,9183,12,10,2,1,16327,2.71,331,11790.92,2
16,1.261161822,17,10,63,7207,16,3,10,10,16311,0.76,633,11813.11,0
12,1.171161822,18,17,22,3228,16,3,10,10,16311,1.36,720,11869.37,0
32,1.388129282,86,16,27,3122,12,10,2,1,16327,2.27,978,11961.18,2
13,1.213796962,92,12,91,13190,28,1,2,10,16263,2.11,1082,11938.91,1
21,1.020223989,29,16,88,10013,16,3,10,10,16311,2.89,893,11912.37,0
67,1.811229663,31,18,22,11863,12,10,2,1,16327,2,397,11808.1,2
23,1.213796962,69,16,78,3771,28,1,2,10,16263,0.82,821,11832.93,1
29,1.123796962,12,11,99,6191,28,1,2,10,16263,2.1,202,11688.19,1
29,1.62720113,38,19,31,12168,16,3,10,10,16311,0.6,1060,11997.28,0
21,1.388129282,26,16,33,10260,12,10,2,1,16327,0.36,318,11782.27,2
68,1.921229663,22,11,17,11011,12,10,2,1,16327,1.33,268,11676.37,2
18,1.923796962,20,18,11,17236,28,1,2,10,16263,0.12,312,11710.12,1
31,1.961686822,26,10,12,8961,16,3,10,10,16311,0.18,790,11889.21,0
11,1.278129282,28,12,82,10263,12,10,2,1,16327,6.26,112,11701.62,2
20,2.037863929,29,12,20,3270,28,1,2,10,16263,0.21,393,11761.36,1
62,2.122277803,21,19,18,6126,16,3,10,10,16311,0.21,303,11773.16,0
12,1.831686822,90,17,17,19320,16,3,10,10,16311,2.06,1320,12181.72,0
70,2.011229663,21,18,32,10899,12,10,2,1,16327,2.71,309,11771.92,2
21,1.71720113,36,16,88,3071,16,3,10,10,16311,1.26,1000,11972.08,0
30,1.813796962,90,19,81,2221,28,1,2,10,16263,1.89,1066,11932.27,1
22,2.121229663,96,10,29,7920,12,10,2,1,16327,2.21,1076,11999.97,2
28,2.011229663,99,19,72,11221,12,10,2,1,16327,0.71,1127,12019.92,2
33,2.162277803,81,10,23,10201,16,3,10,10,16311,0.91,1123,12111.18,0
26,1.923796962,91,20,80,1938,28,1,2,10,16263,1.28,1081,11938.92,1
31,2.191983624,17,11,21,8126,12,10,2,1,16327,1.62,229,11720.99,2
66,2.232277803,81,11,39,8181,16,3,10,10,16311,0.69,1123,12111.11,0
19,2.232277803,22,10,18,1271,16,3,10,10,16311,2.11,710,11863.71,0
37,2.327328299,22,18,10,10296,28,1,2,10,16263,0.21,116,11660.01,1
82,2.281983624,66,13,81,17102,12,10,2,1,16327,7.16,736,11871.31,2
63,2.163761391,27,16,61,9819,28,1,2,10,16263,1.21,381,11738.11,1
78,2.612712213,17,17,12,7123,16,3,10,10,16311,0.18,723,11861.21,0
32,2.622791013,90,12,27,12117,12,10,2,1,16327,2.08,1012,11973.12,2
79,2.766360337,91,13,22,1203,28,1,2,10,16263,0.33,1081,11938.87,1
62,2.322712213,93,12,61,7163,16,3,10,10,16311,2.26,1363,12199.78,0
22,2.210279722,62,11,91,12862,28,1,2,10,16263,0.98,736,11828.19,1
61,2.312791013,12,18,81,12392,12,10,2,1,16327,0.82,210,11711.13,2
81,2.921199267,67,12,19,7738,28,1,2,10,16263,0.21,791,11822.81,1
36,1.011199267,90,13,11,6291,28,1,2,10,16263,0.12,1030,11923.32,1
61,2.617328299,11,13,68,2237,28,1,2,10,16263,2.96,221,11693.39,1
92,2.712791013,86,13,98,9293,12,10,2,1,16327,8.91,976,11961.97,2
82,2.811323173,33,20,87,1002,16,3,10,10,16311,1.02,1023,11981.21,0
86,1.121199267,27,13,13,13079,28,1,2,10,16263,0.8,137,11668.32,1
60,2.822791013,28,13,69,17801,12,10,2,1,16327,3.11,338,11791.69,2
107,1.198218817,88,16,18,2172,12,10,2,1,16327,1.23,1000,11969.92,2
27,2.612712213,91,13,72,11386,16,3,10,10,16311,2,1323,12192.1,0
76,1.121199267,71,20,22,12928,28,1,2,10,16263,1.81,861,11870.23,1
73,1.062267323,26,20,29,9771,12,10,2,1,16327,0.29,326,11787.23,2
71,2.921323173,63,18,81,13287,16,3,10,10,16311,1.07,1133,12016.02,0
88,1.167203719,13,16,11,6332,28,1,2,10,16263,0.73,229,11703.11,1
39,1.121199267,96,11,27,11117,28,1,2,10,16263,0.29,1100,11963.63,1
72,1.177926117,12,17,18,1210,12,10,2,1,16327,1.18,186,11721.71,2
69,1.387203719,18,11,12,17717,28,1,2,10,16263,0.13,262,11710.13,1
111,1.177926117,30,11,87,9688,12,10,2,1,16327,7.91,376,11801.67,2
91,1.387203719,86,16,23,2111,28,1,2,10,16263,0.37,1010,11929.67,1
93,1.102036229,31,16,91,8969,16,3,10,10,16311,1.09,923,11921.21,0
111,1.792098364,22,13,16,8682,12,10,2,1,16327,1.23,292,11766.12,2
91,1.322036229,37,19,62,12902,16,3,10,10,16311,2.1,1023,11991.79,0
83,1.287926117,60,12,81,9371,12,10,2,1,16327,0.82,688,11822.13,2
38,1.212036229,87,10,62,6801,16,3,10,10,16311,1.22,1203,12116.11,0
81,1.277203719,72,17,86,9610,28,1,2,10,16263,1.72,860,11870.62,1
77,1.397926117,93,11,61,8283,12,10,2,1,16327,2.69,1067,11997.11,2
116,1.827120992,27,13,21,13319,16,3,10,10,16311,0.28,333,11793.22,0
97,1.817893172,72,20,31,8787,28,1,2,10,16263,1.16,872,11872.63,1
117,1.902098364,22,11,36,9282,12,10,2,1,16327,3.09,306,11772.81,2
118,2.137120992,36,12,27,13262,16,3,10,10,16311,0.12,960,11937.2,0
96,2.10266008,21,11,17,12732,28,1,2,10,16263,0.72,317,11712.32,1
99,1.917120992,89,11,68,2212,16,3,10,10,16311,2.32,1263,12139.86,0
72,2.027120992,71,18,17,12211,16,3,10,10,16311,2.06,1273,12081.72,0
102,2.21266008,88,17,22,13817,28,1,2,10,16263,0.33,1016,11920.07,1
100,2.022901913,91,19,68,10102,12,10,2,1,16327,0.69,1019,11982.71,2
121,2.109681167,22,19,16,10710,16,3,10,10,16311,0.22,320,11781.21,0
71,1.707893172,66,12,96,2091,28,1,2,10,16263,1.01,772,11813.2,1
121,2.222901913,88,20,33,7922,12,10,2,1,16327,3,1008,11971.6,2
109,2.21266008,23,16,29,16996,28,1,2,10,16263,0.66,339,11729.1,1
80,2.219681167,71,13,13,9021,16,3,10,10,16311,1.92,1213,12039.68,0
112,2.63266008,61,10,12,7813,28,1,2,10,16263,0.27,711,11818.78,1
98,2.12266008,72,19,31,6889,28,1,2,10,16263,2.1,890,11882.19,1
136,2.389801262,78,10,18,11912,12,10,2,1,16327,1.23,878,11921.12,2
108,2.279801262,27,19,29,9108,12,10,2,1,16327,0.29,333,11791.03,2
90,2.112901913,82,20,90,3302,12,10,2,1,16327,6.92,962,11936.38,2
138,2.771621224,92,11,13,9217,12,10,2,1,16327,1.16,1012,11982.91,2
112,2.329681167,81,18,72,3702,16,3,10,10,16311,0.83,1193,12111.13,0
113,2.76266008,60,18,21,6211,28,1,2,10,16263,0.98,712,11818.39,1
110,2.219681167,91,12,81,17188,16,3,10,10,16311,1.07,1313,12180.02,0
122,2.881621224,21,20,16,7262,12,10,2,1,16327,0.16,291,11686.21,2
127,2.913171662,26,16,28,3813,16,3,10,10,16311,0.36,830,11911.27,0
103,2.76266008,82,18,60,9121,28,1,2,10,16263,2.61,972,11913.88,1
162,2.881621224,79,13,61,6913,12,10,2,1,16327,3.33,899,11910.17,2
89,2.32266008,69,17,80,13812,28,1,2,10,16263,0.82,827,11836.33,1
87,2.728710986,22,18,62,19072,16,3,10,10,16311,1.22,320,11790.11,0
101,2.881621224,78,11,36,11831,12,10,2,1,16327,2.11,880,11922.19,2
128,3.022079213,90,13,22,9132,28,1,2,10,16263,1,1030,11923.8,1
129,3.023171662,21,17,32,10997,16,3,10,10,16311,2,783,11887.7,0
126,3.121212182,99,18,18,11818,12,10,2,1,16327,0.18,1123,12019.01,2
117,3.20182212,76,11,11,10866,28,1,2,10,16263,1.13,880,11877.91,1
171,3.211212182,97,18,62,6972,12,10,2,1,16327,3.62,1101,12011.79,2
92,3.116697088,23,11,11,16319,16,3,10,10,16311,1.72,783,11887.62,0
112,3.121212182,18,11,13,12120,12,10,2,1,16327,2.69,222,11639.11,2
127,3.31182212,28,12,20,11932,28,1,2,10,16263,0.87,136,11668.16,1
132,3.201161733,86,16,82,10121,16,3,10,10,16311,0.96,1230,12131.19,0
180,3.361212182,80,11,26,12602,12,10,2,1,16327,2.18,902,11910.93,2
101,3.11182212,100,16,32,2072,28,1,2,10,16263,0.37,1162,11991.27,1
112,3.231212182,11,10,37,9111,12,10,2,1,16327,0.38,121,11623.27,2
119,3.671212182,20,20,22,12810,12,10,2,1,16327,1.83,260,11671.26,2
163,3.717629269,78,17,22,3232,16,3,10,10,16311,0.32,1120,12109.26,0
189,3.781280011,13,10,28,13160,12,10,2,1,16327,2.33,203,11711.67,2
113,3.22182212,68,18,98,6182,28,1,2,10,16263,2.21,820,11832.17,1
118,3.226697088,30,17,92,6201,16,3,10,10,16311,1.21,920,11922.12,0
169,3.98621702,27,11,20,8809,16,3,10,10,16311,0.22,313,11787.17,0
102,3.627629269,61,11,29,11977,16,3,10,10,16311,2.72,1073,12001.92,0
121,3.891280011,63,20,21,11201,12,10,2,1,16327,0.21,733,11870.96,2
122,3.891280011,92,18,18,16120,12,10,2,1,16327,1.18,1028,11988.31,2
191,6.001280011,27,16,27,9961,12,10,2,1,16327,2.23,129,11701.21,2
111,3.790902962,62,20,31,3116,28,1,2,10,16263,0.36,782,11819.27,1
111,3.680902962,76,18,77,2270,28,1,2,10,16263,1.13,908,11889.71,1
197,6.221280011,62,12,11,9781,12,10,2,1,16327,1.18,712,11862.03,2
128,6.033219091,21,12,60,13802,28,1,2,10,16263,1.16,109,11629.31,1
110,6.111280011,80,17,33,6108,12,10,2,1,16327,2.21,912,11913.77,2
129,6.09621702,10,11,72,12291,16,3,10,10,16311,2.67,380,11803.9,0
171,6.09621702,30,17,91,7029,16,3,10,10,16311,1.07,920,11921.22,0
198,6.111280011,92,20,73,11121,12,10,2,1,16327,6.82,1032,11991.73,2
161,6.218622633,71,20,21,2829,28,1,2,10,16263,0.91,881,11878.98,1
123,6.111280011,21,12,96,7239,12,10,2,1,16327,0.97,297,11767.99,2
122,6.223072263,78,12,63,2169,28,1,2,10,16263,2.81,912,11891.93,1
106,6.09621702,67,11,80,12322,16,3,10,10,16311,2.22,1113,12028.21,0
166,6.701118782,21,19,21,2119,28,1,2,10,16263,0.32,129,11637.26,1
120,6.223072263,71,12,77,1960,28,1,2,10,16263,0.81,839,11869.12,1
121,6.828727882,92,16,18,16739,16,3,10,10,16311,1,1320,12189.2,0
130,6.811118782,23,17,21,6232,28,1,2,10,16263,1.78,361,11731.21,1
212,6.689313078,81,19,90,6131,12,10,2,1,16327,8.18,929,11922.93,2
139,6.337773301,11,10,80,11990,16,3,10,10,16311,2.96,393,11811.99,0
119,6.316203011,28,16,81,9710,12,10,2,1,16327,6.18,120,11706.81,2
191,6.667773301,69,12,92,12106,16,3,10,10,16311,1.11,1173,12021.21,0
131,7.210089221,83,12,13,11277,12,10,2,1,16327,1.13,961,11932.23,2
228,7.120089221,28,11,21,6119,12,10,2,1,16327,1.71,112,11701.62,2
123,7.020136232,28,12,22,2992,16,3,10,10,16311,2.22,860,11917.81,0
160,6.799313078,98,20,99,12067,12,10,2,1,16327,1,1118,12016.2,2
168,6.921118782,32,19,82,6913,28,1,2,10,16263,1.91,670,11792.07,1
179,7.110136232,92,12,33,11021,16,3,10,10,16311,2.02,1320,12181.71,0
206,7.220136232,78,12,19,9722,16,3,10,10,16311,0.26,1110,12097.22,0
212,7.120089221,82,18,12,12129,12,10,2,1,16327,2.91,918,11922.97,2
120,6.921118782,17,20,87,10272,28,1,2,10,16263,0.92,287,11720.38,1
220,7.37089261,38,17,11,2393,12,10,2,1,16327,1.18,672,11818.03,2
133,7.112113232,27,12,88,11226,28,1,2,10,16263,1.81,131,11667.83,1
172,7.26089261,11,18,22,13786,12,10,2,1,16327,0.22,179,11620.61,2
126,7.669398901,92,10,20,11273,28,1,2,10,16263,0.21,1072,11933.16,1
181,7.79089261,21,11,21,12723,12,10,2,1,16327,0.21,279,11680.36,2
211,7.320612622,17,20,71,11182,16,3,10,10,16311,0.82,233,11733.13,0
227,7.68089261,10,17,69,12928,12,10,2,1,16327,6.27,162,11716.18,2
116,7.210612622,81,12,38,7228,16,3,10,10,16311,1.22,1163,12120.07,0
182,7.262702129,100,16,100,7130,28,1,2,10,16263,2.27,1162,11991.78,1
132,7.120089221,39,10,91,9216,12,10,2,1,16327,7.13,669,11818.63,2
182,7.320612622,81,20,100,10611,16,3,10,10,16311,1.7,1223,12132.21,0
172,7.779398901,22,19,60,12982,28,1,2,10,16263,2.61,118,11631.28,1
186,7.911812208,13,11,16,9286,12,10,2,1,16327,0.16,211,11711.21,2
233,8.021812208,67,10,28,13961,12,10,2,1,16327,2.33,737,11872.27,2
199,8.179967714,26,13,17,8090,16,3,10,10,16311,0.61,820,11909.29,0
223,7.921762388,31,19,70,1201,16,3,10,10,16311,0.82,933,11933.13,0
131,7.889398901,16,17,62,2398,28,1,2,10,16263,0.67,222,11621.1,1
192,8.261812208,31,12,22,9731,12,10,2,1,16327,0.22,611,11811.21,2
196,8.102302126,12,19,71,18127,28,1,2,10,16263,1.66,228,11697.2,1
239,8.261812208,96,12,73,10201,12,10,2,1,16327,6.82,1080,12002.93,2
181,8.220129183,76,18,61,2961,28,1,2,10,16263,2.72,908,11889.32,1
213,8.199967714,71,16,31,7781,16,3,10,10,16311,0.62,1223,12061.29,0
167,8.131812208,29,10,68,17836,12,10,2,1,16327,3.21,339,11792.07,2
202,8.289967714,83,10,80,7012,16,3,10,10,16311,2.96,1173,12121.99,0
211,8.371130298,23,18,21,9791,28,1,2,10,16263,0.91,127,11662.38,1
176,8.777116221,21,20,18,9071,12,10,2,1,16327,1.18,291,11763.71,2
122,8.031762388,23,11,92,7210,16,3,10,10,16311,3.11,783,11888.61,0
272,8.667116221,72,19,67,10231,12,10,2,1,16327,6.09,810,11902.71,2
226,8.699202722,21,18,39,3081,16,3,10,10,16311,0.69,293,11771.11,0
220,8.829811312,61,13,17,11128,28,1,2,10,16263,0.82,711,11818.13,1
202,8.337116221,22,17,82,10011,12,10,2,1,16327,0.81,298,11688.13,2
236,9.011688238,22,13,10,17272,16,3,10,10,16311,0.12,810,11897.12,0
162,8.213666227,20,12,77,1899,28,1,2,10,16263,0.81,288,11720.92,1
192,8.681222213,22,17,38,13231,28,1,2,10,16263,2.32,332,11727.06,1
178,8.917761221,22,12,13,11670,12,10,2,1,16327,2.69,288,11682.91,2
216,8.809202722,12,18,66,12898,16,3,10,10,16311,2.22,190,11729.81,0
137,8.921688238,11,11,29,10981,16,3,10,10,16311,1.61,393,11811.38,0
183,9.227761221,82,12,12,9298,12,10,2,1,16327,0.92,926,11919.38,2
281,9.027761221,81,17,38,9872,12,10,2,1,16327,3.27,927,11929.28,2
227,9.231688238,80,17,13,12218,16,3,10,10,16311,0.36,1170,12121.27,0
173,9.178321189,100,19,22,11719,28,1,2,10,16263,0.21,1176,11993.97,1
238,9.121688238,66,17,30,16888,16,3,10,10,16311,0.39,1160,12017.28,0
201,9.178321189,71,11,28,1783,28,1,2,10,16263,1.22,823,11833.87,1
218,9.117761221,68,18,66,12190,12,10,2,1,16327,0.67,782,11882.7,2
229,9.161688238,92,12,19,11272,16,3,10,10,16311,0.7,1320,12181.11,0
226,9.068321189,13,11,79,10169,28,1,2,10,16263,1.8,229,11697.62,1
187,9.137761221,13,19,23,9966,12,10,2,1,16327,1.26,221,11719.12,2
211,9.381688238,31,11,21,8337,16,3,10,10,16311,0.78,893,11911.11,0
177,9.168196162,11,10,31,12191,28,1,2,10,16263,0.32,181,11678.06,1
288,9.137761221,61,10,81,6311,12,10,2,1,16327,7.16,691,11827.31,2
267,9.271688238,39,16,73,6722,16,3,10,10,16311,0.88,1023,11991.16,0
207,9.278196162,81,12,28,10202,28,1,2,10,16263,2.09,969,11911.71,1
102,9.812217711,96,12,19,7122,12,10,2,1,16327,1.71,1080,12001.22,2
161,9.231688238,27,16,70,13299,16,3,10,10,16311,1.89,363,11800.27,0
218,9.718101821,13,11,62,17281,16,3,10,10,16311,2.17,613,11827.81,0
193,9.702217711,87,16,38,13628,12,10,2,1,16327,2.26,989,11963.82,2
221,9.388196162,68,13,88,11273,28,1,2,10,16263,2,808,11829.1,1
222,9.379217711,10,13,87,10270,12,10,2,1,16327,0.88,160,11711.16,2
208,10.13080021,82,12,13,11211,12,10,2,1,16327,1.13,910,11921.23,2
213,9.911711601,12,17,32,9113,28,1,2,10,16263,2.26,222,11702.98,1
278,9.891223084,33,10,72,3112,16,3,10,10,16311,0.83,923,11921.13,0
110,9.922217711,92,11,93,6123,12,10,2,1,16327,8.62,1012,11983.09,2
190,9.801711601,12,19,76,13922,28,1,2,10,16263,0.8,208,11608.92,1
290,10.29271128,31,20,32,11139,16,3,10,10,16311,0.61,963,11939.28,0
121,10.17361277,62,12,30,11112,12,10,2,1,16327,2.33,710,11832.27,2
170,10.00122308,83,19,72,6812,16,3,10,10,16311,2.11,1263,12160.11,0
201,10.23392227,87,20,10,3003,28,1,2,10,16263,0.12,1017,11920.2,1
221,10.26080021,99,11,70,11191,12,10,2,1,16327,0.71,1113,12013.11,2
229,10.12321994,21,12,92,3161,16,3,10,10,16311,1.28,713,11868.12,0
232,10.13222128,79,17,93,2219,28,1,2,10,16263,2.16,917,11900.93,1
110,10.61286722,91,11,20,3811,12,10,2,1,16327,1.62,1021,11979.19,2
263,10.81280231,20,17,11,9263,16,3,10,10,16311,0.21,770,11881.22,0
222,10.29212916,11,10,72,6027,28,1,2,10,16263,1.22,181,11399.67,1
231,10.72896118,10,13,23,17168,12,10,2,1,16327,0.23,120,11622.98,2
209,10.26080021,31,12,88,9728,12,10,2,1,16327,6.77,389,11806.31,2
116,10.81896118,17,12,20,8260,12,10,2,1,16327,1.82,213,11633.23,2
298,10.38831679,93,10,62,3217,16,3,10,10,16311,0.73,1323,12181.11,0
237,10.92896118,70,12,16,10626,12,10,2,1,16327,0.16,798,11888.13,2
203,10.71232294,12,20,29,6793,28,1,2,10,16263,0.32,212,11610.26,1
111,11.01280231,87,20,19,7281,16,3,10,10,16311,0.22,1303,12173.17,0
120,10.92896118,90,16,37,10992,12,10,2,1,16327,3.18,1022,11979.23,2
221,10.92896118,32,11,27,2167,12,10,2,1,16327,1.62,620,11817.99,2
112,11.12280231,32,17,17,9781,16,3,10,10,16311,0.22,930,11931.21,0
271,10.82232294,91,10,87,6180,28,1,2,10,16263,1.98,1061,11931.29,1
216,10.91232294,71,18,61,12238,28,1,2,10,16263,2.63,873,11876.1,1
128,11.2216206,32,10,23,2820,12,10,2,1,16327,2.27,392,11806.18,2
212,11.11281882,28,16,11,12703,28,1,2,10,16263,0.11,392,11762.2,1
212,11.1116206,78,17,22,8122,12,10,2,1,16327,1.69,892,11926.21,2
270,10.92280231,60,13,100,8026,16,3,10,10,16311,1.7,1030,11992.21,0
262,11.03896118,82,18,87,13171,12,10,2,1,16327,0.88,960,11931.16,2
137,11.2216206,72,13,28,11017,12,10,2,1,16327,2.33,822,11907.27,2
188,10.70280231,88,11,97,12891,16,3,10,10,16311,3.19,1230,12132.72,0
282,11.18281882,22,11,28,16732,28,1,2,10,16263,1.09,108,11629.01,1
121,11.13182204,22,20,38,11207,16,3,10,10,16311,0.68,360,11797.1,0
281,11.36118032,79,11,26,11116,16,3,10,10,16311,1.7,1113,12099.61,0
292,11.6861672,97,11,20,11291,28,1,2,10,16263,0.91,1111,11970.17,1
160,11.6616206,62,18,61,9712,12,10,2,1,16327,3.33,720,11866.37,2
127,11.78118032,17,12,17,6892,16,3,10,10,16311,0.22,693,11831.21,0
217,11.29281882,22,11,37,17188,28,1,2,10,16263,0.6,292,11621.28,1
230,11.18281882,71,20,90,18239,28,1,2,10,16263,1.91,881,11879.87,1
271,11.6616206,38,16,28,7398,12,10,2,1,16327,0.28,670,11817.02,2
200,11.67118032,22,10,21,13292,16,3,10,10,16311,2.28,710,11863.78,0
217,11.3316206,19,12,78,7201,12,10,2,1,16327,6,211,11661.9,2
172,11.93130661,86,19,13,9711,12,10,2,1,16327,1.18,982,11961.23,2
266,12.03221172,93,12,22,8273,28,1,2,10,16263,0.96,1101,11966.19,1
291,11.89118032,33,19,27,19097,16,3,10,10,16311,1.72,1013,11979.62,0
112,12.00118032,83,19,22,12137,16,3,10,10,16311,0.28,1263,12139.18,0
113,12.22118032,21,20,11,1812,16,3,10,10,16311,0.19,823,11911.22,0
210,12.03221172,86,17,32,11611,28,1,2,10,16263,0.37,1012,11911.27,1
280,12.06130661,91,13,72,10816,12,10,2,1,16327,0.71,1031,11990.12,2
297,11.92221172,17,11,92,9002,28,1,2,10,16263,2.09,219,11621.71,1
177,12.17130661,33,18,92,8211,12,10,2,1,16327,8.16,621,11827.81,2
210,12.11118032,73,20,39,1260,16,3,10,10,16311,1.28,1123,12102.08,0
292,12.22118032,12,12,86,9970,16,3,10,10,16311,1.19,600,11812.06,0
190,12.63261213,27,18,27,12892,12,10,2,1,16327,2.23,111,11702.82,2
268,12.21619623,21,12,91,18133,28,1,2,10,16263,1.96,109,11630.29,1
121,12.20982119,30,16,70,8222,16,3,10,10,16311,0.82,910,11917.13,0
219,12.66696203,61,11,12,8607,16,3,10,10,16311,0.78,1033,11993.11,0
231,12.17130661,26,19,83,2207,12,10,2,1,16327,6.32,322,11788.26,2
117,12.62792036,31,11,33,6628,28,1,2,10,16263,1.23,603,11767.88,1
219,12.31792036,27,19,26,6362,28,1,2,10,16263,0.28,171,11672.82,1
192,12.78182073,11,19,27,9201,12,10,2,1,16327,2.27,179,11721.78,2
296,12.32261213,62,12,78,1663,12,10,2,1,16327,0.79,706,11831.32,2
201,11.00663129,22,16,13,11923,12,10,2,1,16327,1.18,296,11688.23,2
111,12.77696203,22,10,72,11318,16,3,10,10,16311,2.72,710,11863.92,0
279,12.88327131,37,10,36,2682,28,1,2,10,16263,2.21,667,11791.01,1
103,11.11663129,97,17,10,11917,12,10,2,1,16327,0.1,1101,12009.19,2
132,12.88696203,82,13,92,6392,16,3,10,10,16311,1.11,1210,12117.21,0
269,12.89182073,61,19,71,16122,12,10,2,1,16327,3.62,709,11832.19,2
228,12.99327131,29,13,33,12139,28,1,2,10,16263,0.38,399,11763.27,1
120,12.99327131,11,18,86,13202,28,1,2,10,16263,1.93,211,11691.29,1
221,12.88696203,21,12,73,12922,16,3,10,10,16311,2.17,263,11760.13,0
286,11.29672209,62,11,21,7910,28,1,2,10,16263,1.87,712,11819.66,1
209,11.22663129,81,13,100,11616,12,10,2,1,16327,9.09,921,11928.81,2
211,11.39618212,12,17,21,6168,16,3,10,10,16311,1.17,130,11711.23,0
260,11.26913789,22,12,22,2902,28,1,2,10,16263,0.22,312,11718.21,1
113,11.11663129,31,13,82,17289,12,10,2,1,16327,0.83,391,11803.36,2
122,11.22391821,68,11,89,7111,16,3,10,10,16311,1.1,1110,12026.09,0
169,11.21322992,21,16,71,17981,16,3,10,10,16311,0.86,303,11773.16,0
293,11.68913789,62,17,28,12098,28,1,2,10,16263,1.22,772,11812.67,1
222,11.79618212,98,12,17,9299,16,3,10,10,16311,0.92,1610,12217.18,0
221,11.70088772,20,17,86,10277,12,10,2,1,16327,7.82,232,11672.83,2
111,11.37913789,67,18,89,6687,28,1,2,10,16263,2.02,809,11829.71,1
222,12.01618212,72,17,17,11130,16,3,10,10,16311,0.92,1280,12083.18,0
277,11.26163129,68,12,89,11100,12,10,2,1,16327,6.83,776,11881.16,2
261,11.82708892,66,18,28,12812,28,1,2,10,16263,0.31,798,11822.83,1
101,11.91708892,18,19,11,2181,28,1,2,10,16263,1.13,272,11613.31,1
181,11.90618212,20,18,71,6601,16,3,10,10,16311,0.82,780,11883.13,0
216,12.11082961,18,13,26,16290,12,10,2,1,16327,2.18,228,11661.13,2
130,12.12999213,17,19,12,13836,28,1,2,10,16263,0.71,281,11718.92,1
117,11.90618212,38,11,71,7722,16,3,10,10,16311,2.61,980,11963.89,0
287,12.22082961,76,13,20,10111,12,10,2,1,16327,1.32,866,11913.76,2
273,12.23999213,33,12,23,8196,28,1,2,10,16263,0.26,661,11789.98,1
108,12.23999213,21,18,22,16091,28,1,2,10,16263,1.02,321,11713.01,1
223,12.17828708,12,12,11,8972,16,3,10,10,16311,1.72,100,11691.62,0
126,11.89331861,18,13,83,12626,12,10,2,1,16327,0.86,228,11728.16,2
129,12.21238086,11,20,11,7019,16,3,10,10,16311,1.22,163,11719.27,0
221,12.11087726,87,16,62,1891,12,10,2,1,16327,3.82,989,11966.23,2
133,12.16999213,33,12,27,11201,28,1,2,10,16263,1.07,661,11790.22,1
136,12.61238086,31,10,27,11263,16,3,10,10,16311,1,863,11919.2,0
291,12.22087726,19,11,36,9777,12,10,2,1,16327,2.11,233,11732.19,2
191,12.10238086,26,12,93,7881,16,3,10,10,16311,1.12,310,11783.22,0
118,12.33087726,23,12,31,12188,12,10,2,1,16327,0.32,321,11778.26,2
299,12.87181296,32,19,12,7122,12,10,2,1,16327,0.92,612,11821.98,2
161,12.80363779,26,20,29,8727,16,3,10,10,16311,1.07,890,11929.22,0
112,12.27999213,12,19,78,12032,28,1,2,10,16263,1.19,228,11697.72,1
228,12.66087726,12,17,89,13161,12,10,2,1,16327,8.09,208,11712.31,2
202,12.91363779,18,13,22,2920,16,3,10,10,16311,0.28,220,11721.18,0
232,12.32238086,76,20,36,9798,16,3,10,10,16311,1.11,1120,12110.01,0
276,12.27999213,12,19,80,12939,28,1,2,10,16263,0.82,210,11617.73,1
126,12.98181296,18,11,12,16793,12,10,2,1,16327,0.12,220,11637,2
100,12.98181296,73,17,21,17621,12,10,2,1,16327,1.62,839,11912.99,2
163,12.66708892,20,20,82,1391,28,1,2,10,16263,1.91,100,11626.07,1
122,13.02922186,22,12,27,12116,28,1,2,10,16263,1.17,320,11721.83,1
262,13.09181296,29,16,29,10021,12,10,2,1,16327,2.23,371,11798.62,2
283,13.16131083,91,18,19,16861,28,1,2,10,16263,0.2,1071,11932.76,1
261,13.11363779,10,17,28,9189,16,3,10,10,16311,1.36,620,11821.37,0
182,13.27131083,17,17,17,8321,28,1,2,10,16263,0.82,233,11627.73,1
166,13.02363779,97,19,61,11973,16,3,10,10,16311,2.11,1623,12211.8,0
211,13.11363779,77,11,30,9681,16,3,10,10,16311,0.39,1283,12087.28,0
107,13.20181296,79,19,21,11018,12,10,2,1,16327,1.11,907,11912.69,2
128,13.27131083,18,10,23,9137,28,1,2,10,16263,1.96,238,11709.29,1
131,13.20181296,20,19,62,6109,12,10,2,1,16327,0.61,278,11760.29,2
118,13.31713217,18,18,29,7190,12,10,2,1,16327,2.21,232,11731.17,2
277,13.12621687,11,20,71,10887,12,10,2,1,16327,6.23,201,11712.02,2
182,13.30209127,98,13,27,2210,28,1,2,10,16263,1.07,1118,11981.02,1
218,13.31212223,70,10,63,10178,16,3,10,10,16311,0.76,1130,12011.11,0
111,13.61209127,32,10,11,6229,28,1,2,10,16263,1.21,612,11770.71,1
176,13.31212223,90,16,72,12928,16,3,10,10,16311,2.67,1310,12177.9,0
262,13.20212223,10,13,32,11383,16,3,10,10,16311,1,600,11812,0
289,13.18131083,12,12,72,8161,28,1,2,10,16263,0.76,188,11600.91,1
291,13.73713217,19,13,38,8331,12,10,2,1,16327,3.27,219,11666.08,2
122,13.91118823,19,11,26,2382,28,1,2,10,16263,1.11,281,11718.22,1
296,16.01266612,100,18,12,1868,12,10,2,1,16327,1.09,1116,12021.61,2
226,13.87933609,60,11,30,10111,16,3,10,10,16311,0.39,1010,11983.28,0
192,13.80118823,26,11,39,6387,28,1,2,10,16263,1.12,330,11723.9,1
102,16.02118823,37,12,22,16927,28,1,2,10,16263,0.21,681,11798.77,1
162,13.62713217,10,11,100,8361,12,10,2,1,16327,1.01,132,11710,2
297,16.12266612,72,12,61,8222,12,10,2,1,16327,3.71,818,11903.82,2
183,13.98933609,71,19,76,13213,16,3,10,10,16311,2.81,1283,12087.92,0
106,16.22118823,82,13,29,11763,28,1,2,10,16263,0.11,982,11919.19,1
180,16.11223137,12,11,29,13792,12,10,2,1,16327,0.29,196,11727.19,2
119,13.73713217,92,10,98,11912,12,10,2,1,16327,7.32,1012,11981.96,2
212,16.13902762,83,17,62,11610,16,3,10,10,16311,0.71,1223,12131.12,0
311,16.22161817,72,13,32,7211,12,10,2,1,16327,2.71,822,11907.92,2
121,16.11118823,22,12,91,11897,28,1,2,10,16263,1.96,112,11631.29,1
181,16.33161817,60,11,22,8191,12,10,2,1,16327,0.22,686,11821.21,2
272,13.98933609,26,20,91,11103,16,3,10,10,16311,3.17,890,11910.63,0
201,16.22118823,91,11,92,2137,28,1,2,10,16263,2.09,1031,11927.11,1
321,16.69019213,21,19,39,7312,12,10,2,1,16327,3.16,269,11678.11,2
221,16.38113018,61,12,66,12771,16,3,10,10,16311,0.78,1013,11987.11,0
191,16.82273637,26,13,11,11388,12,10,2,1,16327,0.11,316,11781.2,2
202,16.27113018,13,12,81,1727,16,3,10,10,16311,1,123,11712,0
138,16.80001178,22,19,27,18221,28,1,2,10,16263,2.02,118,11631.11,1
112,16.33161817,20,17,69,16767,12,10,2,1,16327,3.11,232,11672.09,2
323,16.96913828,71,18,13,7186,12,10,2,1,16327,1.18,817,11896.63,2
232,16.97886227,29,12,26,7781,16,3,10,10,16311,0.11,333,11793.19,0
109,16.29118823,12,11,90,7161,28,1,2,10,16263,0.93,182,11399.19,1
236,17.19886227,13,17,11,6226,16,3,10,10,16311,0.16,693,11831.21,0
168,17.12310389,76,11,18,11603,28,1,2,10,16263,0.78,880,11877.71,1
196,17.07913828,10,10,36,11139,12,10,2,1,16327,0.37,130,11709.07,2
212,17.08886227,77,12,30,11883,16,3,10,10,16311,1.83,1273,12081.66,0
217,16.91001178,80,12,81,11270,28,1,2,10,16263,1.89,916,11900.27,1
310,17.18913828,91,11,61,3133,12,10,2,1,16327,3.33,1023,11988.37,2
222,17.28200371,13,12,17,8162,16,3,10,10,16311,0.61,163,11719.29,0
262,17.17200371,19,19,18,8782,16,3,10,10,16311,0.23,273,11761.21,0
171,17.17399333,82,16,19,10281,28,1,2,10,16263,1.7,988,11921.21,1
122,17.18913828,33,19,33,10839,12,10,2,1,16327,2.21,621,11827.17,2
282,16.86886227,11,18,80,11176,16,3,10,10,16311,2.22,673,11822.21,0
203,17.23090123,71,12,21,10871,12,10,2,1,16327,0.21,811,11901.21,2
320,17.36090123,63,11,21,10266,12,10,2,1,16327,1.71,717,11862.82,2
221,17.39200371,12,16,16,13179,16,3,10,10,16311,1.11,620,11829.3,0
223,17.81919013,62,11,18,12381,16,3,10,10,16311,0.67,1090,12009.1,0
269,17.39200371,89,17,22,8791,16,3,10,10,16311,0.32,1303,12173.26,0
123,17.26399333,21,12,78,9116,28,1,2,10,16263,0.82,307,11728.33,1
229,17.28399333,83,13,82,17320,28,1,2,10,16263,1.91,993,11922.07,1
326,17.78090123,83,12,39,11079,12,10,2,1,16327,3.16,939,11932.11,2
273,17.92919013,18,10,12,3188,16,3,10,10,16311,0.18,170,11721.21,0
219,18.02812821,29,20,19,11921,28,1,2,10,16263,0.21,199,11683.21,1
132,17.67090123,13,13,62,8868,12,10,2,1,16327,2.92,213,11716.18,2
178,17.66226612,26,12,91,11107,28,1,2,10,16263,1.96,332,11728.29,1
167,18.1712001,22,11,21,9881,12,10,2,1,16327,1.77,306,11771.81,2
283,18.11018129,21,13,61,7380,16,3,10,10,16311,0.72,793,11891.12,0
211,17.78090123,22,20,88,3709,12,10,2,1,16327,0.89,282,11681.97,2
333,18.0612001,96,12,77,12181,12,10,2,1,16327,7,1082,12002.6,2
119,17.91812821,89,11,66,10637,28,1,2,10,16263,0.69,1011,11918.11,1
211,17.92919013,80,18,91,1268,16,3,10,10,16311,1.17,1180,12126.11,0
367,18.2628876,73,13,27,6686,12,10,2,1,16327,2.23,833,11911.62,2
188,18.12312062,37,18,22,10722,28,1,2,10,16263,1.81,699,11803.63,1
101,17.70200371,76,13,97,8796,16,3,10,10,16311,3.19,1290,12090.72,0
170,18.1328876,91,20,16,11221,12,10,2,1,16327,2.77,1061,11992.91,2
372,18.3920722,20,11,21,9682,12,10,2,1,16327,1.91,262,11732.27,2
127,18.3061331,62,12,18,9668,28,1,2,10,16263,0.19,760,11829.36,1
220,18.36281204,11,13,23,9909,16,3,10,10,16311,1.67,113,11699.6,0
223,18.17090883,71,19,92,2760,28,1,2,10,16263,2.12,837,11868.92,1
227,18.2628876,16,20,39,11219,12,10,2,1,16327,0.6,216,11721.28,2
292,18.23281204,61,11,73,6222,16,3,10,10,16311,0.88,1073,12001.16,0
230,18.82789098,20,18,11,6672,16,3,10,10,16311,1.22,780,11883.27,0
376,18.7020722,13,19,93,12722,12,10,2,1,16327,8.62,201,11632.69,2
198,18.6111331,99,19,72,11962,28,1,2,10,16263,1.22,1163,11992.27,1
306,18.93789098,91,13,26,10272,16,3,10,10,16311,0.11,1323,12191.19,0
173,18.7020722,28,10,60,11279,12,10,2,1,16327,2.62,328,11789.29,2
131,18.7211331,66,11,39,12718,28,1,2,10,16263,0.62,778,11816.89,1
310,19.17789098,22,20,22,12062,16,3,10,10,16311,0.26,810,11903.18,0
391,19.13108712,32,12,11,10616,12,10,2,1,16327,1,622,11818.6,2
231,19.06789098,18,11,26,6666,16,3,10,10,16311,1.7,200,11711.61,0
233,18.8311331,39,12,91,12326,28,1,2,10,16263,2.07,697,11802.92,1
211,18.83621662,60,16,99,11823,12,10,2,1,16327,1,692,11826,2
116,18.67281204,20,10,88,2072,16,3,10,10,16311,2.89,200,11712.37,0
311,19.10218276,12,19,22,3772,16,3,10,10,16311,0.32,700,11831.26,0
270,19.21127161,23,17,22,8677,28,1,2,10,16263,1,361,11731,1
392,19.17108712,16,18,77,8191,12,10,2,1,16327,7,212,11633.8,2
260,19.21218276,93,18,62,11103,16,3,10,10,16311,2.1,1603,12213.79,0
227,19.32071812,26,16,28,6929,12,10,2,1,16327,0.28,318,11782.22,2
210,19.17288231,62,19,91,213,28,1,2,10,16263,2.02,780,11818.71,1
186,19.26108712,12,17,90,9822,12,10,2,1,16327,6.92,208,11712.18,2
610,19.72081202,17,12,27,10122,12,10,2,1,16327,2.23,213,11633.62,2
162,19.28288231,13,12,69,9986,28,1,2,10,16263,0.71,221,11702.12,1
272,19.80326169,62,16,13,3126,16,3,10,10,16311,1.1,1120,12021.29,0
611,19.96081202,11,19,21,11117,12,10,2,1,16327,2.09,179,11721.11,2
322,19.61218276,62,12,76,1370,16,3,10,10,16311,0.89,1030,11991.17,0
220,19.83682824,92,17,29,8967,28,1,2,10,16263,2.11,1080,11938.12,1
279,19.71712238,31,19,91,6231,28,1,2,10,16263,2.11,617,11780.91,1
129,19.32218276,32,11,88,6193,16,3,10,10,16311,2.89,890,11910.37,0
237,19.83081202,11,10,78,6791,12,10,2,1,16327,0.79,161,11612.12,2
312,20.11962066,28,19,26,12790,16,3,10,10,16311,0.32,610,11817.26,0
612,20.07088189,100,19,66,8316,12,10,2,1,16327,6,1118,12023.9,2
276,20.02962066,20,11,96,12108,16,3,10,10,16311,1.36,710,11838.17,0
200,19.96081202,81,11,91,9872,12,10,2,1,16327,7.13,911,11916.23,2
171,19.96682824,62,16,83,13090,28,1,2,10,16263,0.89,768,11812.97,1
298,20.6217232,76,20,11,8213,16,3,10,10,16311,0.28,1120,12109.22,0
627,20.28289311,17,13,61,9866,12,10,2,1,16327,3.71,217,11637.22,2
212,20.21682824,82,18,80,1006,28,1,2,10,16263,1.28,996,11922.92,1
299,20.7317232,90,12,13,8619,16,3,10,10,16311,0.36,1290,12169.27,0
318,20.26866828,11,11,66,17192,16,3,10,10,16311,0.78,123,11701.11,0
267,20.17289311,73,10,68,220,12,10,2,1,16327,0.69,823,11907.11,2
302,20.12682824,29,11,88,1812,28,1,2,10,16263,2,161,11671.1,1
619,20.79602011,66,20,19,7222,12,10,2,1,16327,1.33,766,11876.17,2
123,20.13866828,90,20,70,7761,16,3,10,10,16311,1.89,1330,12192.27,0
280,20.90602011,73,10,22,9027,12,10,2,1,16327,0.22,823,11906.97,2
216,20.68602011,11,13,28,2783,12,10,2,1,16327,1.69,191,11727.21,2
187,20.69731811,61,10,61,1913,28,1,2,10,16263,0.62,711,11818.89,1
281,21.12602011,18,19,17,9112,12,10,2,1,16327,0.17,236,11731.13,2
621,21.01602011,28,16,12,7603,12,10,2,1,16327,1.09,120,11703.81,2
300,20.8617232,23,17,63,12168,16,3,10,10,16311,2.21,823,11911.82,0
222,20.80731811,62,12,69,6212,28,1,2,10,16263,1,732,11827.2,1
139,21.02162996,91,18,18,2177,16,3,10,10,16311,2.11,1373,12201.71,0
219,21.12602011,78,19,21,9211,12,10,2,1,16327,1.11,896,11928.29,2
308,21.27162996,23,12,23,13931,16,3,10,10,16311,0.91,313,11779.18,0
332,20.8617232,39,10,100,10291,16,3,10,10,16311,1.18,983,11967.23,0
309,20.91731811,80,18,96,2726,28,1,2,10,16263,2.18,932,11906.93,1
623,21.21602011,11,13,72,2211,12,10,2,1,16327,6.33,191,11728.07,2
193,21.21926223,18,12,23,9108,28,1,2,10,16263,0.27,266,11712.02,1
232,21.12926223,38,20,16,12803,28,1,2,10,16263,1.37,718,11811.17,1
366,21.29162996,89,10,11,12003,16,3,10,10,16311,0.19,1213,12127.22,0
638,21.37917222,20,12,11,17022,12,10,2,1,16327,2.82,228,11668.93,2
372,21.68009062,98,11,11,10232,16,3,10,10,16311,0.11,1380,12203.12,0
287,21.21602011,21,13,80,12128,12,10,2,1,16327,0.81,301,11770.12,2
322,21.31371186,29,12,66,1722,28,1,2,10,16263,1.3,387,11760.73,1
316,21.29162996,82,12,80,11262,16,3,10,10,16311,2.96,1200,12111.99,0
210,21.23277011,37,18,71,11387,12,10,2,1,16327,3.62,661,11813.79,2
206,21.62371186,100,11,19,11026,28,1,2,10,16263,0.21,1122,11981.22,1
239,21.62371186,22,16,32,11222,28,1,2,10,16263,2.13,128,11637.21,1
161,21.18162996,11,18,67,3118,16,3,10,10,16311,1.72,173,11722.22,0
302,21.81729738,61,18,29,11976,12,10,2,1,16327,0.29,707,11831.79,2
208,22.06319128,61,13,10,10226,28,1,2,10,16263,0.11,731,11826.71,1
371,21.79009062,22,17,67,12217,16,3,10,10,16311,0.79,810,11903.12,0
662,21.72729738,12,16,89,9209,12,10,2,1,16327,8.09,206,11711.71,2
268,22.06319128,36,16,29,7280,28,1,2,10,16263,1.26,680,11797.88,1
218,22.02299738,98,11,20,10220,12,10,2,1,16327,1.08,1102,12011.22,2
383,22.2216291,36,18,29,9929,16,3,10,10,16311,0.12,1020,11981.2,0
312,21.93319128,32,19,66,9016,28,1,2,10,16263,1.3,628,11783.13,1
326,22.0016291,39,19,73,2872,16,3,10,10,16311,2.78,1073,12001.91,0
172,22.1116291,23,12,17,3860,16,3,10,10,16311,2.06,293,11771.72,0
307,22.11299738,90,18,37,13318,12,10,2,1,16327,0.38,1026,11979.27,2
673,22.22299738,13,12,82,13879,12,10,2,1,16327,7.23,189,11626.71,2
321,22.19319128,87,16,39,2709,28,1,2,10,16263,1.12,1021,11912.1,1
222,22.13299738,22,13,32,9226,12,10,2,1,16327,2.13,312,11773.73,2
313,22.29327091,72,11,29,7691,16,3,10,10,16311,1.81,1190,12029.62,0
271,22.28319128,90,18,70,8301,28,1,2,10,16263,1.02,1062,11931.21,1
692,22.61368861,21,11,26,16101,12,10,2,1,16327,2.18,273,11680.13,2
386,22.18327091,96,10,78,11187,16,3,10,10,16311,0.92,1320,12189.18,0
212,22.17319128,71,17,90,12019,28,1,2,10,16263,0.93,829,11863.19,1
696,22.88611161,88,18,22,12127,12,10,2,1,16327,2,1002,11971.1,2
322,22.80937128,31,11,21,3333,16,3,10,10,16311,0.78,923,11921.11,0
179,22.29327091,78,12,29,8306,16,3,10,10,16311,2.72,1290,12089.92,0
338,22.77601622,23,12,18,3217,28,1,2,10,16263,0.86,331,11726.16,1
312,22.31607121,26,10,76,7171,12,10,2,1,16327,0.77,326,11779.31,2
397,22.91937128,81,12,21,11732,16,3,10,10,16311,0.27,1163,12119.18,0
286,22.88601622,12,13,28,17212,28,1,2,10,16263,2.09,212,11611.71,1
231,22.77611161,77,12,60,11106,12,10,2,1,16327,2.62,871,11918.69,2
701,22.99611161,87,20,78,3662,12,10,2,1,16327,7.09,997,11969.81,2
189,21.02937128,61,20,19,10311,16,3,10,10,16311,2.17,1113,12019.73,0
321,21.10611161,91,18,21,8697,12,10,2,1,16327,0.21,1017,11981.82,2
261,21.21912611,23,13,28,3977,12,10,2,1,16327,2.13,323,11779.33,2
328,21.02937128,82,19,71,13029,16,3,10,10,16311,2.61,1230,12131.89,0
601,21.11937128,61,12,61,3231,16,3,10,10,16311,0.72,1083,12007.12,0
611,21.30671611,99,19,12,12372,16,3,10,10,16311,0.16,1673,12221.13,0
197,21.19671611,32,12,21,7231,16,3,10,10,16311,1.28,900,11911.28,0
360,21.10601622,100,19,82,18279,28,1,2,10,16263,1.91,1176,11996.27,1
263,21.27811271,17,10,28,11381,12,10,2,1,16327,2.13,207,11632.13,2
222,22.99601622,18,18,88,12102,28,1,2,10,16263,0.91,290,11721.78,1
717,21.16811271,33,11,96,11330,12,10,2,1,16327,8.71,611,11821.92,2
292,21.21818919,36,12,83,7260,28,1,2,10,16263,1.7,672,11793.21,1
339,21.30671611,81,12,62,12812,16,3,10,10,16311,2.1,1163,12119.79,0
711,21.82622912,79,19,17,11722,12,10,2,1,16327,1.33,907,11912.17,2
311,21.27811271,71,11,83,3280,12,10,2,1,16327,0.86,829,11900.76,2
716,21.91622912,68,12,20,11132,12,10,2,1,16327,1.82,776,11879.83,2
616,21.61671611,88,11,81,3029,16,3,10,10,16311,0.98,1210,12123.19,0
371,21.622821,91,16,70,2321,28,1,2,10,16263,1.39,1063,11931.98,1
303,21.862821,32,11,22,11671,28,1,2,10,16263,1.91,626,11782.27,1
199,21.61671611,92,11,66,16012,16,3,10,10,16311,1.67,1290,12170.2,0
721,22.02622912,29,11,23,13866,12,10,2,1,16327,2.09,361,11792.31,2
368,21.89876762,82,19,69,11823,16,3,10,10,16311,2.36,1230,12131.87,0
322,22.02622912,23,13,29,13979,12,10,2,1,16327,0.29,323,11779.03,2
271,21.69706271,33,16,88,12327,12,10,2,1,16327,6.77,617,11823.71,2
626,22.08320829,77,11,71,9716,16,3,10,10,16311,0.86,1263,12079.16,0
332,22.17136012,10,20,29,9090,12,10,2,1,16327,0.29,170,11716.99,2
213,21.732821,21,11,100,6602,28,1,2,10,16263,1.03,297,11622.62,1
727,22.26136012,30,19,81,11162,12,10,2,1,16327,7.33,388,11806.17,2
207,22.21738923,38,17,31,12276,16,3,10,10,16311,2.81,1020,11989.93,0
381,22.09062723,83,19,83,2860,28,1,2,10,16263,1.91,1011,11910.28,1
739,22.70136012,96,17,27,12266,12,10,2,1,16327,2.23,1090,12003.62,2
318,22.20062723,19,11,78,8193,28,1,2,10,16263,1.19,271,11713.72,1
381,22.12738923,32,11,80,11111,16,3,10,10,16311,2.96,890,11929.99,0
617,22.2922819,99,11,79,7021,16,3,10,10,16311,0.91,1613,12219.18,0
767,22.81072692,21,11,27,12181,12,10,2,1,16327,2.27,273,11680.18,2
281,22.28136012,80,19,73,8303,12,10,2,1,16327,3.77,918,11917.81,2
390,22.83766871,12,20,32,8692,16,3,10,10,16311,1.91,710,11837.68,0
229,22.61222033,29,13,71,10311,28,1,2,10,16263,0.77,179,11677.11,1
361,22.39136012,13,18,99,7161,12,10,2,1,16327,1,201,11629.6,2
772,23.03362713,61,12,13,8393,12,10,2,1,16327,1.18,699,11829.23,2
328,22.81222033,18,13,62,6322,28,1,2,10,16263,2.7,278,11717.31,1
398,22.72222033,27,17,98,6093,28,1,2,10,16263,2.21,163,11672.17,1
631,22.96766871,19,11,99,10181,16,3,10,10,16311,1.16,713,11839.23,0
213,22.72103111,71,17,92,18278,16,3,10,10,16311,3.22,1263,12080.67,0
782,23.27362713,26,13,92,8321,12,10,2,1,16327,8.16,316,11783.81,2
399,23.18361721,11,12,83,17010,16,3,10,10,16311,1.13,103,11696.02,0
370,23.27362713,29,13,80,3332,12,10,2,1,16327,0.81,369,11796.72,2
668,23.32260028,27,11,27,18898,16,3,10,10,16311,0.33,313,11779.27,0
301,23.16362713,91,12,99,10097,12,10,2,1,16327,7.62,1023,11981.19,2
261,23.21961297,22,12,83,11129,28,1,2,10,16263,0.89,312,11718.37,1
612,23.72260028,12,12,27,13062,16,3,10,10,16311,1.72,630,11811.62,0
609,23.23961297,31,18,82,2937,28,1,2,10,16263,1.91,633,11788.07,1
316,23.12961297,86,13,90,19711,28,1,2,10,16263,1.91,1006,11929.07,1
791,23.71381871,83,11,77,9016,12,10,2,1,16327,7,937,11931.8,2
621,26.02029792,66,12,11,1823,16,3,10,10,16311,0.21,1110,12023.22,0
803,26.08212207,80,20,12,8893,12,10,2,1,16327,1.09,920,11917.21,2
672,23.83260028,71,18,80,16019,16,3,10,10,16311,0.92,1223,12071.18,0
382,23.82381871,17,16,71,10268,12,10,2,1,16327,0.72,219,11636.72,2
810,26.19212207,29,18,10,10073,12,10,2,1,16327,0.91,133,11711.17,2
278,23.96821164,20,17,29,13139,28,1,2,10,16263,0.32,288,11620.86,1
682,26.10102029,32,19,13,12962,16,3,10,10,16311,0.18,970,11961.13,0
228,23.61260028,20,19,72,12968,16,3,10,10,16311,2,290,11770.1,0
811,26.10212207,31,16,17,11171,12,10,2,1,16327,1.16,613,11813.91,2
622,26.13029792,17,18,22,1678,16,3,10,10,16311,1.36,213,11727.37,0
288,26.18837828,31,19,27,2009,28,1,2,10,16263,0.28,617,11780.18,1
396,26.10212207,12,16,32,2962,12,10,2,1,16327,0.31,182,11722.66,2
689,26.21102029,31,18,22,12671,16,3,10,10,16311,0.32,973,11961.26,0
621,26.07821164,33,12,88,3770,28,1,2,10,16263,2,661,11790.3,1
290,26.62111711,13,11,11,11812,28,1,2,10,16263,0.12,217,11612.12,1
329,26.07821164,68,20,89,9102,28,1,2,10,16263,1.87,828,11837.86,1
317,23.91381871,11,10,97,8366,12,10,2,1,16327,7.26,161,11616.12,2
816,26.28117737,12,12,21,9811,12,10,2,1,16327,1.71,182,11622.82,2
611,26.32102029,70,20,13,11792,16,3,10,10,16311,1.1,1230,12071.29,0
698,26.63861131,26,12,11,3061,16,3,10,10,16311,0.13,310,11777.12,0
217,26.21102029,28,17,21,13129,16,3,10,10,16311,2.19,390,11809.82,0
618,26.71111711,82,16,27,2712,28,1,2,10,16263,0.61,966,11912.08,1
823,26.7389628,39,13,66,9912,12,10,2,1,16327,6,679,11822.1,2
361,26.71111711,38,11,31,2808,28,1,2,10,16263,2.22,690,11802.17,1
613,26.76861131,90,13,32,9382,16,3,10,10,16311,2,1300,12171.7,0
601,26.6289628,96,12,77,12701,12,10,2,1,16327,0.78,1082,12002.71,2
627,27.10920272,19,16,18,13202,16,3,10,10,16311,0.67,723,11871.1,0
700,26.76861131,37,11,78,6707,16,3,10,10,16311,0.92,983,11967.18,0
369,27.10206007,32,12,17,1381,28,1,2,10,16263,0.72,622,11782.32,1
327,26.7389628,21,13,39,13228,12,10,2,1,16327,2.32,281,11681.26,2
626,26.90331063,32,10,32,6060,28,1,2,10,16263,1.18,612,11779.23,1
711,27.21920272,92,11,27,11223,16,3,10,10,16311,0.12,1310,12177.2,0
812,27.07273227,16,19,29,9132,12,10,2,1,16327,2.23,212,11721.82,2
628,27.21920272,98,10,19,2912,16,3,10,10,16311,1.22,1370,12201.31,0
617,27.18273227,13,19,29,10192,12,10,2,1,16327,0.29,201,11630.23,2
293,26.71111711,61,13,100,12227,28,1,2,10,16263,1.03,711,11818.22,1
716,27.17192312,18,12,26,7220,16,3,10,10,16311,0.32,190,11729.26,0
822,27.20273227,12,13,39,11268,12,10,2,1,16327,3.16,202,11712.11,2
373,27.22906007,22,11,38,11198,28,1,2,10,16263,2.32,312,11711.86,1
226,26.87861131,88,12,87,9122,16,3,10,10,16311,2.81,1220,12130.33,0
623,27.31273227,89,12,17,10269,12,10,2,1,16327,0.17,1007,11971.81,2
723,27.62881777,62,10,11,2727,16,3,10,10,16311,0.19,1060,11997.22,0
317,27.29273227,26,16,72,12722,12,10,2,1,16327,3.32,118,11697.76,2
632,27.11906007,92,19,98,13602,28,1,2,10,16263,2.21,1110,11970.17,1
632,27.28192312,67,11,80,8073,16,3,10,10,16311,2.96,1113,12019.99,0
629,27.79700108,11,16,26,10230,12,10,2,1,16327,0.26,173,11618.98,2
330,27.90700108,62,17,10,10123,12,10,2,1,16327,0.77,716,11833.31,2
382,27.69906007,11,19,28,12239,28,1,2,10,16263,2.09,219,11611.71,1
831,27.68700108,62,17,81,11968,12,10,2,1,16327,7.16,716,11837.31,2
388,28.08002781,20,11,11,12332,28,1,2,10,16263,0.37,282,11719.27,1
238,27.71881777,22,18,31,3921,16,3,10,10,16311,2.81,810,11897.93,0
861,28.12700108,22,10,22,10122,12,10,2,1,16327,2,302,11771.1,2
313,27.38906007,22,12,72,16172,28,1,2,10,16263,0.78,112,11630.31,1
661,27.98986121,90,13,20,10101,16,3,10,10,16311,1.28,1300,12171.32,0
663,27.97002781,61,11,62,2727,28,1,2,10,16263,1.21,721,11813.12,1
713,27.82881777,91,18,96,3072,16,3,10,10,16311,1.11,1323,12191.22,0
612,28.01700108,80,13,88,2711,12,10,2,1,16327,0.89,910,11911.17,2
266,28.21821282,28,10,23,3211,16,3,10,10,16311,2.3,320,11781.83,0
331,28.01700108,12,19,87,1667,12,10,2,1,16327,6.69,212,11713.71,2
862,28.21700108,100,13,99,2171,12,10,2,1,16327,9,1110,12021.6,2
671,28.12821282,39,13,37,11261,16,3,10,10,16311,2.11,1013,11987.71,0
391,28.19002781,22,11,83,18128,28,1,2,10,16263,1.7,328,11717.81,1
723,28.21821282,12,11,62,12171,16,3,10,10,16311,0.71,290,11689.12,0
272,28.61821282,16,16,17,12291,16,3,10,10,16311,0.92,700,11831.18,0
602,28.81221937,21,13,12,2291,28,1,2,10,16263,0.61,291,11622.08,1
732,28.83821282,30,12,29,7160,16,3,10,10,16311,0.12,890,11929.2,0
676,28.21002781,26,12,81,13018,28,1,2,10,16263,1.89,362,11730.87,1
320,28.10002781,62,11,81,9277,28,1,2,10,16263,0.87,712,11819.16,1
889,28.7161284,23,16,77,12290,12,10,2,1,16327,7,327,11781.8,2
679,28.72821282,19,18,31,11087,16,3,10,10,16311,1.89,263,11739.67,0
282,28.83821282,11,13,26,3818,16,3,10,10,16311,1.22,113,11699.31,0
607,28.92221937,92,16,18,12767,28,1,2,10,16263,0.78,1098,11962.91,1
630,28.6061284,11,17,90,10039,12,10,2,1,16327,0.91,197,11727.97,2
761,29.02227663,92,20,29,12663,16,3,10,10,16311,0.12,1610,12217.2,0
688,29.01221937,29,12,11,2117,28,1,2,10,16263,0.73,387,11760.31,1
362,28.7161284,28,10,72,11862,12,10,2,1,16327,3.32,328,11789.76,2
686,29.11227663,91,12,13,16873,16,3,10,10,16311,1.1,1313,12187.29,0
282,29.11227663,12,13,20,12737,16,3,10,10,16311,1.11,160,11717.21,0
608,29.12221937,22,11,21,1022,28,1,2,10,16263,0.91,312,11711.17,1
660,29.20313302,26,10,26,8831,12,10,2,1,16327,0.26,106,11691.18,2
379,29.11313302,31,10,11,6310,12,10,2,1,16327,1,601,11810.2,2
311,29.01221937,81,12,32,328,28,1,2,10,16263,0.37,919,11901.27,1
899,29.08232963,81,12,82,12296,12,10,2,1,16327,7.62,921,11927.39,2
289,29.13227663,83,11,21,17619,16,3,10,10,16311,1.17,1183,12127.23,0
697,29.23221937,82,13,31,13711,28,1,2,10,16263,1.16,982,11919.23,1
666,29.22313302,86,12,11,6728,12,10,2,1,16327,0.11,972,11938.6,2
768,29.22227663,36,12,36,12086,16,3,10,10,16311,0.66,980,11963.1,0
703,29.60172992,21,10,16,3963,28,1,2,10,16263,0.16,311,11710.81,1
692,29.13227663,12,13,32,9000,16,3,10,10,16311,2,660,11817.7,0
321,29.29172992,38,20,17,18711,28,1,2,10,16263,0.19,718,11812.82,1
779,29.66227663,21,13,22,9101,16,3,10,10,16311,0.29,293,11771.23,0
613,29.16221937,88,19,82,16730,28,1,2,10,16263,1.37,1022,11922.17,1
380,29.22313302,71,13,73,12036,12,10,2,1,16327,3.77,811,11901.81,2
707,29.71172992,71,18,21,13692,28,1,2,10,16263,0.91,831,11866.98,1
670,29.62313302,12,12,61,8323,12,10,2,1,16327,0.62,202,11729.89,2
291,29.33227663,23,13,62,10237,16,3,10,10,16311,1.36,823,11902.17,0
327,29.82172992,28,10,12,2630,28,1,2,10,16263,0.12,128,11662.8,1
628,29.9612338,11,12,21,17832,28,1,2,10,16263,1.78,169,11391.61,1
701,29.77227663,12,11,82,11927,16,3,10,10,16311,1.02,110,11698.01,0
781,29.89637021,91,12,81,12279,16,3,10,10,16311,0.93,1303,12173.18,0
387,10.00271002,67,10,80,11903,12,10,2,1,16327,6.13,737,11871.33,2
712,10.0712338,62,20,96,16072,28,1,2,10,16263,2.18,782,11819.73,1
798,10.20271891,86,19,30,8718,16,3,10,10,16311,0.39,1280,12163.28,0
682,10.11271002,30,12,81,11181,12,10,2,1,16327,0.82,372,11798.73,2
600,10.62232232,17,18,12,3112,12,10,2,1,16327,0.92,221,11726.18,2
612,10.2912338,12,13,66,9366,28,1,2,10,16263,2.87,192,11601.16,1
719,10.29271891,92,16,71,7261,16,3,10,10,16311,2.61,1370,12201.89,0
301,10.13171129,22,11,38,13712,16,3,10,10,16311,1.22,290,11770.07,0
801,10.68722281,82,10,12,6236,16,3,10,10,16311,0.18,1110,12103.21,0
693,10.71232232,89,17,19,12202,12,10,2,1,16327,0.19,1011,11972.22,2
331,10.1812338,100,11,96,8818,28,1,2,10,16263,1.01,1132,11986.6,1
711,10.79722281,31,17,20,2207,16,3,10,10,16311,1.28,963,11939.32,0
699,10.99228728,29,12,13,3132,12,10,2,1,16327,0.13,127,11707.73,2
712,10.68700219,62,11,60,11132,28,1,2,10,16263,1.16,736,11828.11,1
809,10.90722281,12,11,18,8909,16,3,10,10,16311,0.23,610,11817.21,0
312,10.79722281,22,11,19,11997,16,3,10,10,16311,2.17,260,11737.73,0
620,10.79700219,92,10,82,1910,28,1,2,10,16263,1.37,1072,11936.17,1
719,11.02823023,11,11,62,12327,16,3,10,10,16311,2.1,373,11801.79,0
603,10.71232232,21,16,97,2266,12,10,2,1,16327,7.26,303,11771.12,2
363,11.00190072,16,11,61,7301,28,1,2,10,16263,0.66,228,11702.9,1
819,11.13823023,91,19,76,7382,16,3,10,10,16311,0.89,1383,12207.17,0
702,11.10228728,87,11,79,13710,12,10,2,1,16327,0.8,979,11960.72,2
720,11.11190072,69,17,71,13723,28,1,2,10,16263,1.61,827,11836.78,1
722,11.62801938,98,12,20,9289,12,10,2,1,16327,0.2,1102,12009.76,2
731,11.62986223,23,10,21,13832,28,1,2,10,16263,0.28,313,11719.62,1
728,11.22112717,76,11,61,11120,16,3,10,10,16311,2.11,1230,12071.8,0
639,11.1911123,16,11,70,13710,28,1,2,10,16263,1.02,228,11617.61,1
661,11.90299314,22,10,11,9623,28,1,2,10,16263,0.28,322,11713.22,1
722,11.76226777,11,11,20,19391,12,10,2,1,16327,0.2,183,11721.02,2
736,11.7831281,16,11,21,18682,28,1,2,10,16263,0.91,220,11611.78,1
667,12.01299314,72,18,13,10381,28,1,2,10,16263,0.63,886,11880.1,1
319,11.26823023,67,11,91,11321,16,3,10,10,16311,3.06,1113,12028.62,0
620,11.28709998,31,18,96,6160,12,10,2,1,16327,7.18,619,11818.71,2
828,11.38237011,81,11,99,16731,16,3,10,10,16311,1.16,1123,12101.23,0
378,11.31986223,91,17,89,10373,28,1,2,10,16263,0.92,1091,11962.18,1
733,11.81898037,71,11,79,19206,16,3,10,10,16311,2.91,1223,12061.98,0
729,12.01072212,91,20,31,9010,12,10,2,1,16327,0.32,1021,11983.26,2
822,12.22221866,23,13,22,1729,16,3,10,10,16311,0.28,823,11901.18,0
828,12.26221866,31,16,17,6176,16,3,10,10,16311,0.2,923,11921.16,0
671,12.12299314,16,17,63,13101,28,1,2,10,16263,2.81,222,11621.93,1
830,12.37221866,61,10,19,2191,16,3,10,10,16311,0.22,1013,11979.17,0
763,12.12299314,28,19,90,11316,28,1,2,10,16263,2.03,602,11767.72,1
329,12.11221866,16,12,66,2287,16,3,10,10,16311,1.67,680,11826.2,0
616,12.21182912,61,17,73,2338,12,10,2,1,16327,3.77,727,11861.21,2
772,12.13221866,92,11,91,10102,16,3,10,10,16311,1.22,1310,12178.11,0
621,12.81900013,71,12,17,8636,12,10,2,1,16327,1.11,827,11900.09,2
389,12.10202962,82,12,88,7922,28,1,2,10,16263,0.91,972,11912.38,1
718,12.18130013,82,20,97,10860,12,10,2,1,16327,0.98,962,11932.79,2
836,12.68221866,21,18,69,11627,16,3,10,10,16311,0.81,293,11771.12,0
781,12.70812729,27,16,62,3118,28,1,2,10,16263,1.21,381,11738.12,1
319,12.79221866,19,11,13,11177,16,3,10,10,16311,1.92,713,11839.68,0
680,12.39812729,90,12,79,2262,28,1,2,10,16263,1.21,1026,11922.91,1
788,12.92806282,32,19,29,11361,16,3,10,10,16311,1.81,970,11961.62,0
631,12.93181263,91,12,23,12912,12,10,2,1,16327,1.26,1023,11979.92,2
863,11.0721386,11,12,22,6161,16,3,10,10,16311,0.29,283,11687.23,0
731,11.06181263,93,18,20,11739,12,10,2,1,16327,0.2,1081,12001.22,2
737,11.20618763,73,10,11,12171,12,10,2,1,16327,0.11,823,11906.92,2
872,11.2021386,12,18,29,16260,16,3,10,10,16311,0.12,190,11729.2,0
602,11.06139336,21,16,66,16302,28,1,2,10,16263,0.69,313,11711.71,1
323,11.1821386,16,10,31,12182,16,3,10,10,16311,2.81,620,11829.93,0
789,11.17139336,100,11,79,11799,28,1,2,10,16263,1.8,1132,11986.82,1
691,11.28139336,69,10,31,6723,28,1,2,10,16263,2.22,799,11823.77,1
793,11.2921386,66,12,80,13181,16,3,10,10,16311,2.96,1110,12023.99,0
336,11.67620021,68,18,16,6326,16,3,10,10,16311,0.89,1200,12031.17,0
878,11.36620021,10,12,68,12129,16,3,10,10,16311,0.8,270,11681.12,0
633,11.29618763,88,10,93,3202,12,10,2,1,16327,7.11,988,11966.29,2
807,11.80220332,67,12,31,9322,16,3,10,10,16311,1.96,1123,12021.69,0
760,11.31618763,71,19,81,12998,12,10,2,1,16327,0.82,821,11903.33,2
702,11.71622113,28,13,72,1381,28,1,2,10,16263,1.22,388,11761.67,1
672,12.01181263,72,17,21,9232,12,10,2,1,16327,1.11,826,11900.29,2
802,11.71622113,81,13,88,2131,28,1,2,10,16263,2,971,11913.1,1
618,11.62622113,81,10,86,2799,28,1,2,10,16263,0.91,931,11906.97,1
337,11.91220332,92,20,32,11629,16,3,10,10,16311,1,1380,12206,0
778,12.12181263,72,11,39,13131,12,10,2,1,16327,0.6,816,11901.28,2
892,12.02220332,13,17,100,10170,16,3,10,10,16311,1.18,193,11711.23,0
786,12.3130393,72,11,11,11692,12,10,2,1,16327,0.11,812,11892.31,2
720,12.2803208,83,10,39,11727,28,1,2,10,16263,2.37,973,11916.27,1
813,12.11979013,60,18,92,7118,16,3,10,10,16311,1.28,1080,12006.12,0
817,12.1903208,60,13,61,16103,28,1,2,10,16263,1.19,720,11811.92,1
678,12.16036263,27,11,63,10190,12,10,2,1,16327,3,321,11787.6,2
727,12.71207021,11,10,21,10312,28,1,2,10,16263,0.91,181,11398.97,1
787,12.6230393,73,17,31,9990,12,10,2,1,16327,0.32,839,11912.66,2
610,12.1903208,82,19,90,13381,28,1,2,10,16263,0.93,978,11916.99,1
362,12.22330222,69,18,82,7732,16,3,10,10,16311,2.67,1213,12060.3,0
797,12.99801728,12,11,26,11213,12,10,2,1,16327,0.26,172,11718.62,2
826,12.82207021,62,12,77,1313,28,1,2,10,16263,1.73,732,11826.81,1
811,12.71678212,100,20,93,7216,16,3,10,10,16311,1.32,1700,12232.16,0
818,13.11929826,72,20,18,11236,28,1,2,10,16263,0.21,892,11881.22,1
622,13.13820812,21,12,27,2981,28,1,2,10,16263,0.28,321,11711.98,1
802,13.10676212,28,11,21,3831,12,10,2,1,16327,0.21,332,11790.37,2
710,12.91207021,21,20,89,1760,28,1,2,10,16263,1.87,111,11631.06,1
687,12.8618093,79,12,91,7176,12,10,2,1,16327,7.13,891,11928.23,2
826,13.1222911,79,12,22,11302,16,3,10,10,16311,1.61,1123,12101.39,0
821,13.22929826,10,20,23,9938,28,1,2,10,16263,1.02,210,11689.81,1
831,13.62612238,88,19,29,10228,16,3,10,10,16311,1.07,1310,12177.22,0
629,13.22929826,29,18,21,9211,28,1,2,10,16263,0.23,191,11682.02,1
806,13.26112271,10,17,67,18711,12,10,2,1,16327,0.68,162,11712.7,2
722,13.38191023,39,16,18,9729,28,1,2,10,16263,1.63,711,11811.2,1
709,13.38612271,81,18,38,11379,12,10,2,1,16327,2.26,929,11929.82,2
818,13.90827218,12,19,22,9013,12,10,2,1,16327,0.22,212,11711.77,2
377,13.22229621,12,13,99,3832,16,3,10,10,16311,3.3,160,11718.73,0
829,13.7191921,66,12,79,2816,28,1,2,10,16263,1.8,772,11813.62,1
392,16.16262097,26,19,16,12269,16,3,10,10,16311,0.89,880,11923.17,0
729,13.9191921,22,13,61,13222,28,1,2,10,16263,2.72,322,11721.92,1
839,13.81222002,88,10,86,13221,16,3,10,10,16311,1.19,1220,12122.06,0
712,16.01127218,26,17,72,10013,12,10,2,1,16327,3.69,120,11698.61,2
876,16.22700192,91,11,29,3702,16,3,10,10,16311,1.07,1323,12181.22,0
861,16.22126306,71,20,62,12203,28,1,2,10,16263,1.23,861,11870.12,1
636,13.8291921,22,20,100,1717,28,1,2,10,16263,1.03,122,11661.22,1
821,16.12127218,83,10,92,12212,12,10,2,1,16327,0.91,933,11931.18,2
871,16.61199172,38,18,22,6938,28,1,2,10,16263,0.33,710,11809.67,1
726,16.60220988,71,19,17,7681,12,10,2,1,16327,2.83,821,11906.16,2
882,16.61289916,28,11,31,6122,16,3,10,10,16311,1.89,830,11911.67,0
761,16.19971363,67,12,69,13292,28,1,2,10,16263,1,783,11820.2,1
393,16.11700192,37,17,71,7201,16,3,10,10,16311,2.06,1023,11982.12,0
771,16.96199172,23,12,12,3221,28,1,2,10,16263,0.32,111,11638.06,1
887,16.91982222,22,11,22,17021,16,3,10,10,16311,0.89,720,11869.17,0
879,16.83199172,83,13,71,3327,28,1,2,10,16263,1.61,993,11921.98,1
813,16.7383721,18,17,91,10120,12,10,2,1,16327,0.92,212,11661.98,2
890,17.10223178,36,20,11,8266,28,1,2,10,16263,0.23,696,11801.98,1
712,16.8911828,11,20,68,17792,12,10,2,1,16327,3.21,161,11612.87,2
669,16.72199172,92,12,92,2122,28,1,2,10,16263,0.97,1090,11961.79,1
833,17.16789287,31,20,29,11979,12,10,2,1,16327,0.29,601,11809.19,2
681,17.31292122,99,19,11,7891,28,1,2,10,16263,0.12,1163,11991.32,1
896,17.13982222,17,11,78,6071,16,3,10,10,16311,2.89,663,11819.97,0
773,17.07199172,91,10,81,10181,28,1,2,10,16263,1.61,1021,11922.98,1
606,17.02982222,97,17,77,17010,16,3,10,10,16311,2.28,1623,12222.18,0
891,17.21223178,29,18,66,12319,28,1,2,10,16263,1.3,611,11770.13,1
619,17.77210813,98,11,21,9210,16,3,10,10,16311,1.17,1380,12203.23,0
683,17.6270102,32,16,12,11137,28,1,2,10,16263,0.16,638,11788.81,1
721,17.27789287,21,11,76,9992,12,10,2,1,16327,3.83,273,11680.66,2
792,17.7370102,70,12,29,6831,28,1,2,10,16263,2.11,826,11836.32,1
837,17.38789287,99,10,86,6316,12,10,2,1,16327,0.87,1109,12012.76,2
872,18.17223717,16,13,28,9718,12,10,2,1,16327,0.28,226,11719.18,2
732,18.06223717,38,17,26,2171,12,10,2,1,16327,1.32,672,11818.76,2
622,17.97210813,71,20,66,7822,16,3,10,10,16311,1.67,1263,12080.2,0
690,17.9770102,63,16,78,6326,28,1,2,10,16263,0.82,779,11817.13,1
877,18.16217681,97,12,28,12107,12,10,2,1,16327,0.28,1093,12007.02,2
706,18.62237813,20,13,16,13103,28,1,2,10,16263,0.17,300,11723.33,1
769,18.27217681,76,19,16,1031,12,10,2,1,16327,2.77,872,11919.11,2
796,18.11671629,36,11,100,11013,28,1,2,10,16263,2.13,660,11790.81,1
881,18.68021032,20,20,60,11931,12,10,2,1,16327,0.61,280,11761.08,2
710,18.78030919,78,19,19,11881,28,1,2,10,16263,0.21,912,11899.22,1
611,18.60267938,91,11,62,13692,16,3,10,10,16311,1.22,1303,12176.11,0
811,18.89030919,61,11,62,13239,28,1,2,10,16263,2.78,721,11813.31,1
718,19.11262712,26,17,13,16271,28,1,2,10,16263,0.17,132,11667.21,1
771,18.79021032,19,11,98,7323,12,10,2,1,16327,7.32,213,11663.16,2
892,19.07902112,30,12,83,11363,12,10,2,1,16327,0.86,378,11800.16,2
822,19.13729218,93,10,76,13817,28,1,2,10,16263,1.1,1083,11960.29,1
812,19.91382179,79,19,13,16163,28,1,2,10,16263,0.63,923,11901.7,1
622,19.19113377,70,20,88,2217,16,3,10,10,16311,2.89,1230,12072.37,0
721,19.26729218,20,12,67,12616,28,1,2,10,16263,0.71,296,11722.11,1
790,19.33338162,10,20,92,10830,12,10,2,1,16327,7.08,130,11611.02,2
637,20.01123101,38,12,62,8338,16,3,10,10,16311,1.22,990,11970.11,0
816,20.02611791,27,13,86,7101,28,1,2,10,16263,1.72,137,11669.22,1
717,20.11611791,26,19,86,11199,28,1,2,10,16263,0.91,382,11738.37,1
799,20.26712612,98,20,79,321,12,10,2,1,16327,6.08,1118,12017.92,2
832,20.63817671,16,13,62,12898,28,1,2,10,16263,2.7,236,11708.71,1
812,20.88211162,62,19,60,12216,12,10,2,1,16327,2.62,722,11867.09,2
866,21.10898809,19,12,16,10282,28,1,2,10,16263,1.37,277,11716.77,1
662,20.6217272,71,13,81,6610,16,3,10,10,16311,2.61,1223,12072.28,0
726,20.87169197,92,13,82,1689,28,1,2,10,16263,0.88,1092,11961.16,1
827,21.13108162,82,12,12,16819,12,10,2,1,16327,2.62,926,11920.09,2
677,21.21220119,20,16,22,10060,16,3,10,10,16311,1.22,260,11737.27,0
738,21.3978119,81,12,29,8912,28,1,2,10,16263,0.11,927,11902.19,1
867,21.17169197,20,18,73,10908,28,1,2,10,16263,1.26,312,11711.28,1
829,21.61870862,80,18,60,11386,12,10,2,1,16327,2.62,916,11916.69,2
881,21.9378119,26,20,23,8861,28,1,2,10,16263,1.09,166,11672.21,1
681,21.6217272,100,10,68,11291,16,3,10,10,16311,1.78,1600,12212.21,0
819,22.08723862,31,10,37,3912,12,10,2,1,16327,2.18,381,11802.61,2
770,21.8278119,63,16,91,9812,28,1,2,10,16263,0.98,779,11817.19,1
886,22.12163321,71,18,72,18196,28,1,2,10,16263,1.22,873,11876.27,1
782,22.62163321,12,12,13,2693,28,1,2,10,16263,0.16,188,11600.73,1
691,22.26912623,32,19,61,2200,16,3,10,10,16311,1.3,970,11962.13,0
827,22.31277112,79,11,33,8019,12,10,2,1,16327,2.21,891,11926.37,2
898,22.73163321,62,13,66,13129,28,1,2,10,16263,2.87,762,11811.96,1
708,22.86912623,23,19,22,2111,16,3,10,10,16311,2.22,363,11799.81,0
860,22.96223862,17,16,61,13271,12,10,2,1,16327,2.69,219,11637.91,2
783,22.86163321,32,17,69,6823,28,1,2,10,16263,0.71,662,11790.32,1
711,21.28819187,20,19,18,6232,16,3,10,10,16311,1,290,11769.2,0
713,21.23982222,39,11,22,7176,16,3,10,10,16311,1.11,993,11971.3,0
870,21.21902112,17,17,12,13023,12,10,2,1,16327,2.26,221,11726.02,2
792,21.23217267,66,18,32,9222,28,1,2,10,16263,0.33,798,11822.87,1
873,21.68902112,78,12,26,6909,12,10,2,1,16327,1.32,886,11922.16,2
880,22.02819612,29,17,12,2922,12,10,2,1,16327,0.92,371,11798.18,2
721,21.68819187,68,11,31,9199,16,3,10,10,16311,2.92,1130,12011.98,0
808,21.90022832,12,19,91,16929,28,1,2,10,16263,0.96,230,11703.79,1
882,22.13819612,23,13,69,6087,12,10,2,1,16327,3.11,103,11692.29,2
728,22.19113377,22,19,92,17013,16,3,10,10,16311,3.11,330,11792.61,0
897,22.69723862,71,17,32,10709,12,10,2,1,16327,2.13,817,11902.93,2
820,22.6829113,91,17,31,12369,28,1,2,10,16263,0.32,1069,11931.26,1
810,23.12238627,68,12,12,11620,28,1,2,10,16263,0.13,796,11821.93,1
722,23.06912623,26,13,33,7231,16,3,10,10,16311,1.06,320,11790.02,0
811,23.22327612,86,10,72,10867,28,1,2,10,16263,0.78,986,11920.11,1
730,23.39113377,10,12,12,11222,16,3,10,10,16311,1.78,370,11801.61,0
821,23.88120714,21,12,19,1917,28,1,2,10,16263,0.2,287,11620.16,1
762,23.89791767,86,18,10,3827,16,3,10,10,16311,1.67,1270,12161.6,0
762,26.18161196,12,19,10,11736,16,3,10,10,16311,0.36,670,11821.27,0
766,26.29161196,37,16,21,2111,16,3,10,10,16311,2.19,1013,11979.82,0
823,26.02700026,78,20,78,12688,28,1,2,10,16263,0.82,918,11900.93,1
776,26.70113377,89,11,18,7611,16,3,10,10,16311,1,1263,12139.2,0
777,26.87238212,60,18,13,2339,16,3,10,10,16311,0.81,1080,12003.13,0
838,26.71921203,97,11,92,13809,28,1,2,10,16263,0.99,1111,11970.2,1
780,27.01722128,37,20,37,9362,16,3,10,10,16311,1.17,1033,11996.03,0
871,27.32973888,63,20,92,16037,28,1,2,10,16263,0.99,793,11821.8,1
791,27.36029863,96,12,93,8163,16,3,10,10,16311,3.28,1360,12198.68,0
800,28.26306031,21,13,13,2321,16,3,10,10,16311,0.81,793,11891.13,0
891,28.12010171,38,20,28,11613,28,1,2,10,16263,0.31,718,11812.83,1
801,28.60791767,22,12,20,12371,16,3,10,10,16311,2.22,270,11761.77,0
893,28.73189681,11,13,12,10861,28,1,2,10,16263,0.16,221,11692.81,1
812,28.98887004,27,17,22,19197,16,3,10,10,16311,2.22,873,11921.81,0
821,29.20791767,62,19,21,8712,16,3,10,10,16311,1.17,1120,12021.23,0
822,29.60791767,11,12,71,12100,16,3,10,10,16311,1.92,283,11688.28,0
817,30.28210813,11,16,32,11168,16,3,10,10,16311,1,623,11822,0
820,30.79819187,67,18,39,11821,16,3,10,10,16311,1.28,1183,12028.08,0
832,31.16029863,82,12,26,10902,16,3,10,10,16311,2.36,1130,12111.87,0
862,31.79819187,13,17,22,3721,16,3,10,10,16311,2.22,193,11711.81,0
868,32.21722128,32,19,18,6281,16,3,10,10,16311,1,970,11961.2,0
869,32.18887004,83,10,88,3628,16,3,10,10,16311,2.89,1173,12122.37,0
883,31.22696329,27,12,18,10231,16,3,10,10,16311,1,823,11911.2,0
888,31.19819187,73,19,81,18890,16,3,10,10,16311,2.3,1113,12100.23,0
900,32.16982222,21,16,70,12867,16,3,10,10,16311,1.89,303,11776.27,0
